Year,Emissions
2022,12.94535
2024,6.907639
2025,8.218371
2026,14.71907
2027,15.29345
2028,18.87046
2029,9.716079
2030,17.90799
2031,11.76143
2032,11.95433
2033,19.81702
2034,10.82183
2035,4.964342
2036,17.49344
2037,16.93557
2038,11.15444
2039,19.84848
2040,5.761417
2041,9.929107
2042,15.81176
2043,16.61049
2044,2.076396
2045,18.84848
2046,9.964341
2047,16.29345
2048,6.848485
2049,14.48178
2050,19.87046
2051,8.293457
