Year,Emissions
2023,12.94535
2024,19.852989
2025,28.07136
2026,42.79043
2027,58.08388
2028,76.95434
2029,86.670419
2030,104.578409
2031,116.339839
2032,128.294169
2033,148.111189
2034,158.933019
2035,163.897361
2036,181.390801
2037,198.326371
2038,209.480811
2039,229.329291
2040,235.090708
2041,245.019815
2042,260.831575
2043,277.442065
2044,279.518461
2045,298.366941
2046,308.331282
2047,324.624732
2048,331.473217
2049,345.954997
2050,365.825457
